product_id,product_name,price,category,brand,stock_quantity,release_date
1,Honorable,216.47,beauty,Katz,114,6/29/2018
2,Mrs,171.48,home decor,Bubblebox,969,1/3/2019
3,Mr,640.36,electronics,Vinder,351,1/2/2010
4,Ms,206.82,beauty,Leexo,768,7/4/2021
5,Rev,129.29,home decor,Talane,131,1/23/2018
6,Mrs,503.21,clothing,Fivespan,769,7/13/2021
7,Mr,737.11,clothing,Thoughtbridge,316,10/5/2012
8,Dr,30.75,beauty,Rhybox,215,11/15/2013
9,Mr,181.77,beauty,Katz,77,5/31/2022
10,Dr,848.81,toys,Topicware,236,11/20/2015
11,Dr,526.11,toys,Brightdog,59,11/30/2014
12,Rev,827.41,toys,Livepath,388,2/21/2012
13,Rev,437.7,home decor,DabZ,427,12/12/2022
14,Honorable,750.77,electronics,Jatri,155,12/1/2013
15,Mr,473.75,home decor,Blogtag,888,3/1/2011
16,Rev,759.89,clothing,Mydeo,500,2/7/2018
17,Ms,220.54,toys,Kwideo,221,2/21/2014
18,Ms,818.38,beauty,Youfeed,468,6/11/2013
19,Ms,758.9,toys,Meedoo,354,11/8/2015
20,Mrs,380.97,toys,Tagcat,416,2/16/2022
21,Dr,234.55,home decor,Realcube,465,11/5/2016
22,Rev,669.26,toys,Youopia,718,8/28/2010
23,Honorable,455.9,electronics,Wikibox,949,9/10/2013
24,Mr,972.89,toys,Leenti,490,2/23/2022
25,Mr,200.84,electronics,Babbleblab,996,5/30/2019
26,Honorable,340.48,toys,Kazio,797,2/11/2013
27,Mr,644.24,toys,Browsetype,726,8/8/2014
28,Dr,105.41,electronics,Eire,712,5/18/2010
29,Mr,387.7,clothing,Einti,177,6/7/2013
30,Mr,567.78,beauty,Midel,416,2/10/2016
31,Mr,576.52,electronics,Tazz,309,11/21/2022
32,Rev,802.13,toys,Tazz,255,4/29/2016
33,Rev,320.41,home decor,Reallinks,284,3/29/2012
34,Mrs,146.93,electronics,Tanoodle,81,1/18/2013
35,Ms,876.17,toys,Flashpoint,736,11/21/2010
36,Dr,590.64,home decor,Zazio,939,12/15/2016
37,Mrs,415.1,clothing,Janyx,269,3/4/2010
38,Dr,267.16,home decor,Centidel,698,12/28/2020
39,Mr,21.71,electronics,Brainbox,922,8/16/2020
40,Honorable,202.03,home decor,Wordware,800,1/28/2016
41,Dr,668.23,home decor,Brightbean,121,7/16/2011
42,Ms,571.19,beauty,Ainyx,453,4/3/2022
43,Mr,509.22,electronics,Vimbo,970,1/17/2018
44,Ms,175.4,beauty,Yadel,996,8/19/2013
45,Ms,250.56,clothing,Leenti,378,6/14/2017
46,Ms,340.13,electronics,Mymm,910,2/12/2012
47,Ms,100.14,home decor,Kare,684,12/27/2018
48,Mr,961.36,home decor,Tavu,949,7/30/2014
49,Honorable,362.97,beauty,Gabtype,981,2/6/2019
50,Mr,527.94,toys,Aimbo,477,11/24/2014
51,Honorable,973.91,beauty,Mycat,932,5/2/2018
52,Dr,569.12,electronics,Thoughtmix,103,9/24/2022
53,Rev,371.73,home decor,Oyondu,323,3/11/2010
54,Rev,337.87,electronics,Dabfeed,496,12/2/2022
55,Dr,378.28,electronics,Lazzy,316,10/5/2019
56,Mr,65.28,toys,Lazzy,712,6/9/2010
57,Rev,849.45,beauty,Fivespan,681,2/7/2013
58,Ms,891.71,toys,Wordware,929,12/18/2012
59,Honorable,803.22,beauty,Kwideo,967,11/6/2010
60,Honorable,551.25,home decor,Yozio,561,10/15/2012
61,Dr,555.91,clothing,Kamba,109,3/8/2011
62,Mr,855.21,home decor,Dabshots,82,8/21/2018
63,Honorable,183.83,toys,Leexo,906,6/23/2012
64,Rev,731.3,electronics,Geba,950,7/24/2011
65,Honorable,732.67,toys,Browsetype,888,11/20/2014
66,Mrs,252.62,beauty,Dablist,394,4/16/2020
67,Honorable,299.1,electronics,Jaxspan,401,12/5/2022
68,Rev,737.46,home decor,Flashdog,319,5/28/2013
69,Mrs,576.97,toys,Linklinks,468,3/29/2022
70,Rev,115.51,beauty,Wikizz,935,7/23/2015
71,Mrs,39.24,toys,Linkbuzz,653,5/20/2020
72,Mr,903.62,toys,Flipstorm,327,6/17/2017
73,Mrs,591.71,clothing,Livefish,378,3/5/2017
74,Ms,817.04,electronics,Edgetag,632,3/30/2013
75,Mr,273.31,electronics,Gigabox,168,9/27/2017
76,Rev,398.92,toys,Plajo,481,5/5/2017
77,Mrs,80.22,clothing,Yoveo,653,7/18/2010
78,Rev,326.04,clothing,Yodel,309,11/27/2019
79,Dr,884.97,home decor,Janyx,909,11/18/2020
80,Mrs,995.35,clothing,Realbuzz,998,8/17/2010
81,Rev,198.46,home decor,Kwilith,481,11/9/2021
82,Honorable,58.91,home decor,Yodoo,139,8/26/2019
83,Honorable,982.51,electronics,Tekfly,146,7/18/2012
84,Ms,745.35,clothing,Bubbletube,255,5/3/2013
85,Rev,188.11,clothing,Eazzy,329,1/12/2015
86,Mrs,376.99,toys,Gabcube,524,11/19/2012
87,Rev,317.86,clothing,Brainbox,764,10/19/2012
88,Rev,774.18,beauty,Rooxo,905,7/15/2022
89,Ms,388.91,toys,Kare,927,7/21/2010
90,Dr,677.33,toys,Twitterlist,953,6/14/2019
91,Dr,597.59,toys,Rhynyx,721,4/18/2019
92,Rev,10.02,beauty,Zoonder,232,6/8/2018
93,Ms,381.84,toys,Oodoo,280,9/17/2015
94,Mr,475.9,clothing,Eimbee,703,1/9/2016
95,Mrs,784.39,clothing,Ntags,410,6/20/2015
96,Dr,865.78,clothing,Eadel,55,7/20/2019
97,Ms,542.61,home decor,Gabvine,500,2/19/2019
98,Ms,453.31,electronics,Skipfire,308,10/25/2018
99,Dr,973.43,toys,Blogpad,766,4/22/2020
100,Dr,557.64,toys,Oyondu,504,9/22/2019
101,Rev,728.43,beauty,Dabshots,530,6/5/2017
102,Rev,26.97,beauty,Zoomdog,924,1/19/2011
103,Mrs,79.56,electronics,Devify,901,3/8/2019
104,Rev,359.28,clothing,Wikizz,156,2/19/2017
105,Mr,995.17,beauty,Gevee,860,3/22/2020
106,Mrs,273.76,beauty,Gigaclub,827,4/19/2011
107,Mr,785.43,clothing,Youbridge,340,11/25/2018
108,Dr,992.23,toys,Jayo,22,11/9/2018
109,Ms,505.69,home decor,Skilith,976,12/17/2012
110,Mrs,367.58,toys,Meezzy,975,6/16/2013
111,Dr,547.9,clothing,Centizu,203,11/30/2010
112,Mr,24.39,home decor,Oyondu,837,7/28/2019
113,Rev,755.44,beauty,Tagpad,729,5/31/2013
114,Mrs,654.02,clothing,Janyx,218,4/7/2020
115,Rev,513.92,electronics,Kwilith,432,10/25/2017
116,Ms,133.33,clothing,Yabox,567,10/31/2010
117,Mrs,27.08,toys,Dynabox,751,7/14/2021
118,Mr,854.29,electronics,Skivee,839,1/1/2012
119,Ms,569.85,electronics,Buzzdog,916,12/15/2018
120,Mrs,36.89,home decor,Abatz,150,11/30/2020
121,Honorable,737.6,home decor,Livetube,760,2/28/2018
122,Mr,162.62,beauty,Edgepulse,57,11/26/2013
123,Mrs,984.98,beauty,Dabshots,137,5/18/2020
124,Ms,791.39,toys,Jayo,509,12/25/2019
125,Dr,138.62,clothing,Zava,196,1/19/2019
126,Mr,373.41,electronics,Feedmix,434,8/14/2013
127,Rev,297.87,home decor,Youspan,903,7/18/2018
128,Mr,170.59,clothing,Twitterlist,553,9/5/2014
129,Rev,172.49,electronics,Photofeed,665,3/28/2022
130,Honorable,385.56,clothing,Jazzy,440,8/13/2022
131,Dr,29.77,clothing,Blogspan,777,5/28/2018
132,Honorable,805.41,home decor,Divape,305,12/8/2020
133,Mrs,132.85,electronics,Trilith,320,10/3/2017
134,Dr,922.32,clothing,Jaxnation,333,7/7/2019
135,Rev,470.21,home decor,Layo,671,6/13/2021
136,Honorable,248.95,electronics,Demivee,777,4/21/2016
137,Honorable,616.81,toys,Yodo,324,2/10/2014
138,Mrs,435.54,beauty,Meemm,704,8/23/2016
139,Mrs,422.41,electronics,Oyoba,736,1/16/2019
140,Mrs,868.37,home decor,Skiba,591,8/18/2018
141,Ms,794.01,home decor,Fadeo,523,12/29/2016
142,Rev,170.69,beauty,Oyope,488,5/15/2021
143,Dr,131.49,toys,Thoughtbridge,226,6/16/2019
144,Rev,513.33,clothing,Twitterbeat,346,3/6/2013
145,Rev,357.52,beauty,Yadel,546,10/9/2015
146,Dr,94.6,home decor,Mydeo,272,2/5/2016
147,Ms,880.35,clothing,Kaymbo,638,5/6/2021
148,Rev,458.35,toys,Latz,708,10/10/2018
149,Rev,128.01,electronics,Browsebug,721,2/21/2011
150,Honorable,517.42,beauty,Yakitri,221,4/9/2013
151,Mr,479.36,home decor,Omba,232,7/19/2018
152,Ms,630.96,electronics,Eabox,473,4/8/2022
153,Mr,913.89,home decor,Minyx,250,10/29/2013
154,Ms,99.27,electronics,Yabox,625,8/1/2014
155,Mrs,962.3,beauty,Ooba,781,5/27/2011
156,Mr,861.95,electronics,Livetube,773,10/26/2015
157,Mr,469.8,clothing,Dablist,597,5/21/2012
158,Rev,617.17,beauty,Tekfly,260,6/7/2018
159,Rev,655.45,electronics,Rhyzio,580,11/21/2013
160,Mr,606.36,beauty,Eamia,403,4/18/2020
161,Rev,999.99,home decor,Devpulse,378,6/14/2016
162,Rev,524.91,beauty,Oyope,280,3/11/2019
163,Mrs,607.68,clothing,Skinix,670,3/8/2016
164,Honorable,441.49,clothing,Fadeo,653,1/26/2022
165,Honorable,741.15,clothing,Skyvu,592,8/21/2020
166,Rev,25.5,home decor,Skyble,567,11/26/2010
167,Ms,165.77,clothing,Trunyx,355,5/14/2015
168,Honorable,842.2,home decor,Oyope,597,8/18/2015
169,Ms,965.18,beauty,Tanoodle,528,10/7/2019
170,Honorable,481.73,home decor,Kayveo,672,9/25/2017
171,Ms,224.14,toys,Katz,575,9/12/2021
172,Mrs,165.66,electronics,Zoonoodle,768,4/12/2021
173,Honorable,826.17,beauty,Buzzshare,303,1/14/2012
174,Mrs,106.49,home decor,Feedspan,77,8/28/2015
175,Rev,640.18,home decor,Gigabox,115,3/15/2014
176,Rev,380.5,home decor,Buzzbean,959,6/28/2019
177,Mrs,805.04,clothing,Kimia,441,2/14/2015
178,Rev,70.15,toys,Wikido,243,4/26/2017
179,Dr,789.34,beauty,Feednation,468,2/7/2016
180,Honorable,806.8,home decor,Kaymbo,528,4/3/2022
181,Mr,761.8,electronics,Voonder,846,8/20/2015
182,Dr,851.89,clothing,Voonder,962,1/30/2016
183,Mr,377.21,toys,Blognation,83,3/27/2017
184,Mr,721.19,toys,Centimia,847,1/3/2016
185,Ms,538.43,home decor,Plajo,661,5/13/2012
186,Dr,480.92,home decor,Zoovu,30,1/11/2015
187,Rev,309.18,clothing,Tagcat,749,10/19/2020
188,Honorable,862.8,toys,Youspan,585,6/9/2022
189,Rev,720.96,home decor,Zoonder,453,11/3/2012
190,Mrs,818.34,toys,Yakijo,116,6/9/2014
191,Mrs,756.63,clothing,Jabbersphere,911,2/26/2021
192,Rev,317.07,toys,Skajo,380,9/27/2011
193,Mr,734.31,toys,Jabbercube,156,10/25/2012
194,Rev,511.96,home decor,Blognation,139,11/7/2020
195,Mr,12.47,electronics,Browsebug,574,8/12/2016
196,Rev,284.2,home decor,Skinder,947,8/18/2013
197,Honorable,296.98,electronics,Avamm,307,6/6/2019
198,Mrs,791.45,beauty,Jetpulse,350,1/23/2018
199,Mr,487.12,electronics,Jaxworks,212,12/6/2010
200,Mrs,33.49,electronics,Tazz,925,2/18/2014
201,Mrs,163.7,clothing,Skyble,67,4/23/2022
202,Honorable,491.7,beauty,Centizu,266,5/17/2019
203,Rev,902.52,toys,Meembee,211,4/6/2010
204,Honorable,669.63,clothing,Tagchat,973,5/24/2014
205,Rev,34.56,home decor,Kimia,449,8/5/2011
206,Mrs,114.9,beauty,Skiptube,648,2/12/2010
207,Mr,41.48,electronics,Muxo,272,5/21/2014
208,Honorable,344.96,electronics,Blogtag,826,5/29/2022
209,Dr,241.13,clothing,Jabbercube,53,7/16/2011
210,Dr,453.96,electronics,Mynte,262,12/4/2019
211,Mrs,515.66,beauty,Jabberbean,553,7/8/2021
212,Ms,382.12,clothing,Skiba,473,5/29/2020
213,Mrs,455.88,beauty,Fivespan,727,11/16/2012
214,Mr,709.12,beauty,Topiclounge,245,6/5/2013
215,Honorable,998.56,clothing,Vimbo,733,9/7/2010
216,Rev,833.48,clothing,Wordware,309,4/23/2015
217,Ms,34.12,beauty,Kamba,893,10/15/2021
218,Ms,430.63,electronics,Podcat,994,9/17/2021
219,Honorable,207.76,beauty,Rhyloo,382,8/20/2019
220,Honorable,938.2,clothing,Yotz,763,6/28/2013
221,Ms,707.94,toys,Jetwire,861,5/19/2020
222,Rev,953.58,beauty,Tanoodle,324,10/10/2019
223,Honorable,896.09,beauty,Rhycero,370,2/23/2018
224,Dr,458.86,toys,Brainsphere,96,8/2/2012
225,Mrs,58.36,beauty,Twitterlist,881,6/20/2018
226,Honorable,793.82,clothing,Trilia,72,2/1/2012
227,Mr,280.98,electronics,Trudoo,845,5/5/2018
228,Ms,462.65,beauty,Buzzbean,672,9/4/2016
229,Honorable,394.38,electronics,Gigaclub,381,12/7/2011
230,Rev,841.89,beauty,Rhycero,127,10/11/2018
231,Mrs,979.98,toys,Thoughtblab,840,2/9/2012
232,Honorable,142.45,beauty,BlogXS,813,6/29/2011
233,Mrs,131.49,clothing,Oodoo,993,12/10/2020
234,Mr,95.5,electronics,Eare,507,5/21/2011
235,Mrs,851.63,beauty,Thoughtworks,713,12/19/2017
236,Dr,205.31,toys,Oyope,258,12/8/2017
237,Mrs,23.69,home decor,Fivechat,194,6/11/2018
238,Mrs,217.58,clothing,Browseblab,16,12/25/2022
239,Dr,609.2,beauty,Skimia,856,9/26/2020
240,Ms,967.99,home decor,Demizz,496,1/21/2015
241,Rev,775.81,home decor,Oodoo,290,11/19/2014
242,Dr,622.9,clothing,Feedfire,788,12/3/2022
243,Dr,360.67,toys,Trudoo,622,10/22/2020
244,Mr,480.58,home decor,Jaxspan,768,6/6/2020
245,Mrs,562.52,beauty,Tagpad,286,10/1/2015
246,Mrs,453.71,beauty,Gigabox,976,6/2/2020
247,Rev,996.9,clothing,Oyoloo,462,4/23/2019
248,Mrs,983.51,toys,Eabox,717,12/25/2018
249,Rev,748.26,beauty,Edgeclub,968,7/1/2022
250,Dr,398.22,clothing,Kimia,827,8/31/2012
251,Mr,959.14,electronics,Centidel,522,7/15/2016
252,Dr,230.75,home decor,Gigaclub,513,3/12/2021
253,Mrs,396.73,home decor,Minyx,519,8/23/2022
254,Dr,332.32,electronics,Fadeo,196,5/10/2022
255,Mrs,686.83,toys,Topicware,841,4/7/2015
256,Mr,619.82,electronics,Eimbee,254,11/15/2012
257,Dr,798.66,electronics,Quatz,962,6/19/2022
258,Mr,458.26,electronics,Kayveo,129,11/13/2013
259,Mr,302.36,toys,Meevee,173,6/16/2015
260,Ms,79.53,beauty,Latz,297,1/17/2015
261,Mr,542.01,clothing,Tagfeed,622,9/23/2020
262,Rev,904.94,clothing,Edgetag,566,1/11/2017
263,Mr,245.78,beauty,Yadel,935,2/4/2020
264,Ms,182.36,electronics,Jaxspan,521,5/29/2020
265,Dr,914.56,beauty,Npath,213,11/27/2017
266,Ms,729.73,toys,Blognation,963,11/25/2011
267,Dr,199.56,clothing,Innojam,776,1/6/2013
268,Ms,438.84,electronics,Kayveo,800,7/30/2022
269,Ms,32.44,home decor,Eidel,828,1/29/2013
270,Honorable,74.75,home decor,Demivee,702,12/11/2013
271,Honorable,912.29,home decor,Vinder,685,11/12/2019
272,Honorable,784.55,home decor,Dynabox,593,5/6/2010
273,Rev,870.93,clothing,Vitz,630,4/21/2017
274,Dr,658.26,home decor,Gigaclub,420,1/10/2020
275,Honorable,388.38,home decor,Feedspan,178,3/20/2012
276,Ms,83.16,electronics,Linkbridge,161,1/1/2021
277,Dr,335.58,home decor,Gigabox,601,3/2/2012
278,Honorable,546.01,toys,Meejo,299,9/12/2017
279,Honorable,391.31,toys,Eidel,842,7/16/2016
280,Mr,213.48,toys,Eazzy,70,6/3/2016
281,Mr,971.95,toys,Wikizz,896,1/21/2014
282,Dr,783.0,beauty,Katz,941,9/25/2018
283,Ms,97.72,clothing,Skivee,130,7/16/2019
284,Honorable,958.53,clothing,Brainverse,381,6/21/2020
285,Honorable,377.4,clothing,Trupe,901,9/8/2017
286,Dr,861.04,home decor,Oyonder,557,11/4/2017
287,Dr,335.84,clothing,Jayo,684,6/2/2011
288,Dr,97.66,toys,Divanoodle,480,3/26/2016
289,Mr,419.35,clothing,Fanoodle,963,4/30/2020
290,Dr,174.72,toys,Blogtag,51,5/24/2014
291,Dr,514.98,beauty,Bluejam,960,8/2/2022
292,Rev,372.78,clothing,Voonyx,404,2/27/2021
293,Honorable,413.5,clothing,Bubblemix,230,12/16/2021
294,Mrs,6.77,beauty,Leenti,254,1/27/2016
295,Honorable,867.06,electronics,Buzzster,131,7/20/2021
296,Mrs,525.13,clothing,Wikizz,776,1/7/2010
297,Mrs,214.08,home decor,Mynte,212,7/27/2010
298,Honorable,726.53,electronics,Bubbletube,302,1/17/2013
299,Mr,845.84,clothing,Eazzy,257,4/19/2010
300,Mr,525.66,clothing,Tagpad,710,2/7/2017
301,Mr,80.11,beauty,Vitz,486,5/12/2019
302,Ms,183.96,toys,Fivebridge,630,6/3/2011
303,Mr,478.62,toys,Kanoodle,985,1/19/2020
304,Mrs,674.86,clothing,Trupe,995,2/4/2019
305,Honorable,148.61,home decor,Zoonder,467,2/8/2014
306,Dr,568.81,toys,Skinix,81,2/3/2010
307,Honorable,190.79,home decor,Wikizz,526,3/10/2010
308,Dr,127.97,beauty,Twitterwire,696,9/7/2022
309,Rev,265.07,beauty,Ntag,304,8/20/2016
310,Mr,846.09,home decor,Oyondu,160,2/12/2010
311,Mrs,852.98,electronics,Vimbo,680,9/19/2016
312,Dr,802.44,electronics,Wordtune,239,8/18/2020
313,Mrs,899.9,home decor,Einti,160,2/25/2013
314,Ms,241.74,beauty,Zoozzy,275,12/21/2014
315,Dr,543.31,clothing,Edgeblab,414,8/2/2020
316,Honorable,349.42,beauty,Gabvine,652,4/10/2010
317,Mr,401.3,beauty,Fanoodle,341,8/12/2018
318,Rev,381.14,toys,Fatz,119,1/5/2016
319,Ms,872.84,beauty,Oyoba,65,4/24/2011
320,Mr,709.31,beauty,Blogpad,659,5/16/2014
321,Dr,439.9,home decor,Oozz,718,1/6/2015
322,Dr,338.06,home decor,BlogXS,504,11/24/2017
323,Mrs,695.39,beauty,Tagpad,912,4/15/2015
324,Mr,439.79,clothing,Skippad,844,4/20/2013
325,Ms,785.74,home decor,Vitz,657,2/8/2016
326,Honorable,472.68,electronics,Voomm,184,9/2/2013
327,Honorable,775.63,beauty,Realbuzz,476,8/2/2014
328,Dr,555.54,home decor,Dabjam,9,2/9/2020
329,Honorable,234.95,beauty,Quimm,36,3/8/2021
330,Honorable,540.26,electronics,Roombo,175,12/28/2014
331,Mrs,815.47,toys,Dabvine,935,4/12/2016
332,Mr,799.34,toys,Teklist,149,3/9/2022
333,Mrs,161.61,beauty,Mydeo,311,9/5/2013
334,Mr,365.58,electronics,Oyoyo,78,6/29/2016
335,Ms,549.32,beauty,Feedmix,251,3/13/2016
336,Mr,786.78,toys,Bubbletube,738,11/30/2016
337,Mr,480.35,clothing,Dabshots,419,2/25/2011
338,Honorable,972.97,beauty,Fiveclub,84,5/16/2020
339,Ms,912.58,clothing,Brainbox,179,1/24/2016
340,Honorable,94.1,clothing,Kwideo,390,3/29/2016
341,Ms,44.14,electronics,Vipe,407,10/7/2016
342,Mr,206.53,beauty,Jaloo,140,10/30/2012
343,Dr,231.12,toys,Babbleblab,9,11/29/2014
344,Dr,956.1,clothing,Tagchat,111,3/14/2022
345,Honorable,475.58,toys,Avamba,970,3/5/2012
346,Honorable,332.54,electronics,Twitterworks,475,8/30/2018
347,Ms,806.32,beauty,Buzzbean,276,4/15/2020
348,Dr,79.37,electronics,Kaymbo,621,3/27/2017
349,Mrs,964.85,clothing,Flipopia,610,7/31/2016
350,Mr,206.65,electronics,Youtags,676,12/16/2020
351,Rev,205.59,home decor,Ainyx,843,2/19/2020
352,Mr,625.3,home decor,Oyoloo,439,8/13/2019
353,Mrs,223.93,home decor,Yata,483,7/31/2020
354,Ms,331.41,clothing,Quire,793,2/15/2019
355,Dr,828.28,beauty,Einti,176,3/17/2010
356,Mr,84.29,home decor,Meezzy,804,7/26/2017
357,Ms,824.0,toys,Dabjam,257,1/10/2020
358,Mrs,47.67,beauty,Yadel,263,1/19/2021
359,Dr,970.83,toys,Shufflebeat,119,10/25/2019
360,Ms,324.37,beauty,Jabbercube,988,5/11/2015
361,Dr,383.93,toys,Voolia,847,8/9/2014
362,Ms,485.31,electronics,Kayveo,611,6/29/2010
363,Rev,713.65,electronics,Yacero,753,10/6/2016
364,Rev,81.09,electronics,Tazzy,671,6/10/2014
365,Honorable,915.67,home decor,Jaxworks,330,2/15/2018
366,Ms,432.82,beauty,Shuffledrive,954,5/1/2021
367,Honorable,528.01,electronics,Avamm,674,5/5/2015
368,Dr,183.3,home decor,Dablist,486,12/31/2021
369,Mr,396.08,toys,Voonte,273,8/19/2021
370,Ms,229.41,home decor,Jabbersphere,767,9/26/2011
371,Ms,929.26,electronics,Twitternation,691,8/4/2012
372,Dr,877.49,clothing,Yodel,714,12/30/2010
373,Mrs,484.22,home decor,Oyoba,558,9/24/2012
374,Dr,943.86,electronics,Skibox,225,10/24/2014
375,Rev,364.32,toys,Skyndu,20,10/11/2015
376,Dr,353.73,clothing,Youspan,366,9/30/2016
377,Dr,221.48,beauty,Oyoba,371,8/20/2022
378,Mrs,467.68,beauty,Thoughtstorm,676,6/20/2013
379,Dr,982.45,toys,Twitterwire,461,9/24/2014
380,Ms,878.95,beauty,Vimbo,183,12/7/2019
381,Mr,669.57,toys,Photobug,382,2/6/2013
382,Honorable,967.06,clothing,BlogXS,104,7/27/2019
383,Mr,494.7,home decor,Cogilith,297,8/6/2013
384,Ms,668.23,toys,Yakijo,183,8/22/2014
385,Mrs,25.33,electronics,Youbridge,712,7/10/2021
386,Dr,483.84,clothing,Jetpulse,637,8/19/2021
387,Rev,217.8,electronics,Zazio,397,2/22/2019
388,Mr,518.98,beauty,Yambee,900,1/22/2016
389,Dr,823.02,toys,Tagchat,746,8/30/2013
390,Honorable,794.07,toys,Feedmix,670,7/22/2010
391,Mrs,733.19,clothing,Innotype,467,4/21/2012
392,Honorable,177.79,home decor,Tagopia,902,5/27/2012
393,Dr,187.72,beauty,Avavee,661,7/6/2010
394,Mr,701.59,electronics,Yodel,612,2/27/2019
395,Ms,451.36,clothing,Jaxspan,963,1/3/2022
396,Dr,94.58,home decor,Thoughtstorm,835,7/22/2013
397,Honorable,76.77,clothing,Thoughtbeat,441,12/27/2017
398,Dr,420.84,clothing,Demimbu,736,5/2/2012
399,Dr,441.78,home decor,Trupe,843,1/2/2012
400,Mr,79.96,electronics,Feedmix,523,5/6/2010
401,Mrs,628.19,home decor,Realbridge,477,10/6/2022
402,Ms,307.69,beauty,Yata,570,10/10/2010
403,Mrs,754.53,toys,Yakitri,702,10/6/2020
404,Ms,122.29,clothing,Blogpad,30,12/8/2018
405,Ms,424.31,electronics,Linkbuzz,793,12/5/2021
406,Mr,270.14,electronics,Centizu,198,6/17/2011
407,Rev,736.5,home decor,Topicware,457,2/21/2014
408,Ms,183.93,electronics,Cogidoo,53,7/25/2014
409,Mr,817.0,beauty,Tagpad,220,3/24/2013
410,Honorable,5.73,clothing,Twitterbeat,256,8/24/2016
411,Honorable,291.65,clothing,Quatz,372,3/28/2013
412,Mrs,348.11,beauty,Oozz,592,8/3/2021
413,Ms,518.41,beauty,Gabspot,908,9/25/2019
414,Mrs,123.97,toys,Tazz,772,10/22/2014
415,Mrs,896.13,home decor,Centidel,893,12/29/2021
416,Dr,436.84,clothing,Trunyx,542,4/2/2017
417,Dr,958.23,home decor,Midel,461,9/7/2015
418,Mrs,385.82,beauty,Skippad,539,2/8/2020
419,Mrs,580.96,electronics,Bluezoom,357,11/18/2019
420,Honorable,191.47,electronics,Chatterpoint,753,6/25/2011
421,Dr,216.35,beauty,Wordify,695,10/3/2016
422,Honorable,934.37,electronics,Devify,519,8/1/2011
423,Honorable,920.13,home decor,Jaxworks,552,1/30/2021
424,Mrs,872.06,clothing,Wikido,748,8/19/2014
425,Rev,986.23,electronics,Skimia,943,8/5/2010
426,Dr,363.58,clothing,Browsetype,392,2/8/2022
427,Mrs,776.93,clothing,Zoomcast,39,2/14/2016
428,Dr,135.88,beauty,Devpulse,477,1/12/2011
429,Mrs,543.17,beauty,Shuffletag,793,5/12/2021
430,Dr,149.84,clothing,Trilia,639,2/14/2014
431,Ms,950.27,home decor,Brainbox,843,10/1/2019
432,Rev,859.48,home decor,Yotz,966,7/19/2016
433,Ms,23.56,toys,Rooxo,788,10/9/2019
434,Rev,616.09,home decor,Tavu,401,11/10/2019
435,Mrs,630.06,electronics,Trunyx,874,3/3/2010
436,Honorable,692.14,toys,Vipe,360,4/9/2016
437,Dr,107.05,electronics,Chatterpoint,931,5/17/2014
438,Honorable,863.58,electronics,Gabcube,290,10/12/2011
439,Rev,9.87,toys,Photospace,891,4/16/2013
440,Dr,3.06,home decor,Kamba,167,6/9/2019
441,Honorable,644.6,clothing,Quatz,32,11/29/2013
442,Honorable,166.25,clothing,Fanoodle,262,10/5/2014
443,Mrs,118.4,toys,Livetube,932,7/28/2013
444,Rev,999.89,beauty,Youspan,12,6/9/2012
445,Dr,726.11,clothing,Thoughtsphere,541,6/29/2022
446,Rev,180.67,clothing,Bubblebox,673,12/24/2015
447,Rev,328.71,beauty,Kimia,760,11/10/2018
448,Ms,681.64,home decor,Viva,380,3/3/2013
449,Mr,621.14,electronics,Wikizz,84,7/5/2015
450,Rev,806.86,beauty,Demimbu,149,8/31/2013
451,Rev,584.86,electronics,Eamia,459,3/11/2020
452,Rev,46.32,home decor,Quamba,220,7/1/2013
453,Mrs,854.7,home decor,Feedspan,63,4/23/2012
454,Mr,979.61,clothing,Photobean,788,2/21/2021
455,Ms,300.03,electronics,Voonte,301,2/26/2018
456,Ms,801.7,beauty,Yakitri,148,2/17/2018
457,Honorable,560.78,beauty,Ainyx,554,9/11/2012
458,Mr,675.48,beauty,Dabtype,357,3/18/2019
459,Ms,616.09,home decor,Twitterbeat,859,6/8/2015
460,Mr,543.0,electronics,Dynabox,914,12/14/2014
461,Mrs,554.69,toys,Trupe,516,10/15/2017
462,Ms,420.71,beauty,Plambee,818,4/30/2011
463,Rev,634.86,home decor,Trudoo,209,8/22/2010
464,Mr,69.79,clothing,Ainyx,555,11/21/2013
465,Rev,541.79,clothing,Tazzy,499,10/6/2015
466,Ms,789.43,beauty,Brainsphere,728,6/30/2014
467,Honorable,756.03,toys,Bluezoom,106,1/22/2020
468,Ms,397.75,toys,Flashdog,551,6/11/2019
469,Rev,315.48,toys,Jazzy,451,11/20/2014
470,Rev,583.23,home decor,Trilith,479,5/3/2021
471,Dr,161.81,clothing,Quaxo,665,6/18/2020
472,Rev,517.05,electronics,Tambee,59,9/5/2021
473,Ms,149.66,toys,Yoveo,411,12/8/2011
474,Mrs,381.56,electronics,Avamba,803,12/1/2021
475,Mrs,743.06,beauty,Tazzy,526,6/30/2011
476,Rev,665.68,toys,DabZ,406,12/14/2022
477,Rev,599.68,toys,Avamm,894,12/30/2018
478,Rev,437.47,clothing,Wordtune,98,5/17/2022
479,Dr,583.58,beauty,Realbridge,313,1/19/2018
480,Honorable,412.51,beauty,Trudeo,654,1/13/2015
481,Rev,377.16,toys,Rhyzio,767,11/30/2017
482,Mrs,603.13,clothing,Pixope,924,8/11/2013
483,Dr,355.13,electronics,Latz,730,1/7/2021
484,Ms,497.06,clothing,Omba,602,7/14/2010
485,Rev,978.71,beauty,Buzzbean,882,11/28/2014
486,Ms,96.7,home decor,Pixope,899,2/17/2020
487,Mrs,427.62,electronics,Ainyx,116,12/18/2013
488,Ms,435.49,clothing,Aimbu,156,12/19/2013
489,Rev,608.52,toys,Riffwire,826,5/3/2021
490,Honorable,524.16,toys,Izio,712,1/10/2016
491,Mrs,598.1,home decor,Edgeblab,452,10/2/2019
492,Mrs,441.93,electronics,Plambee,297,8/2/2011
493,Mrs,654.71,clothing,Ozu,48,12/21/2016
494,Mrs,686.08,beauty,Yakidoo,586,7/24/2014
495,Mr,410.14,toys,Centimia,670,12/9/2011
496,Mr,697.28,toys,Leenti,860,11/6/2012
497,Ms,904.17,home decor,Fivebridge,98,7/14/2021
498,Ms,410.29,electronics,Gabtune,773,6/10/2011
499,Ms,500.46,toys,Livetube,149,2/19/2020
500,Dr,199.87,clothing,Brainlounge,917,10/30/2013
501,Dr,251.97,toys,Youopia,799,3/26/2012
502,Rev,66.44,home decor,Trudeo,44,7/10/2015
503,Mrs,563.91,clothing,Vitz,477,9/7/2018
504,Dr,245.34,electronics,Avamba,774,11/30/2012
505,Honorable,762.63,beauty,Demimbu,393,10/9/2018
506,Mr,388.64,clothing,Devpoint,147,2/1/2011
507,Dr,757.56,home decor,Oodoo,831,11/17/2013
508,Honorable,388.79,toys,Digitube,272,10/12/2022
509,Ms,61.75,home decor,Mymm,358,3/25/2017
510,Dr,912.38,electronics,Kamba,745,3/1/2016
511,Mrs,613.1,clothing,Leenti,443,6/10/2019
512,Ms,590.37,home decor,Innojam,575,11/1/2020
513,Ms,492.38,electronics,Edgeblab,698,11/27/2022
514,Mr,603.14,electronics,Trilith,680,1/31/2016
515,Rev,446.09,clothing,Katz,898,8/29/2014
516,Honorable,491.23,clothing,Flashpoint,794,1/28/2020
517,Mr,840.54,toys,Livepath,299,11/1/2020
518,Rev,829.17,beauty,Fatz,85,12/16/2010
519,Rev,222.39,toys,Bubbletube,78,11/26/2014
520,Mrs,290.58,toys,Dynabox,764,6/8/2015
521,Ms,278.47,home decor,Photofeed,654,10/24/2012
522,Honorable,747.13,toys,Twimbo,517,7/10/2011
523,Rev,928.81,home decor,Muxo,637,9/2/2020
524,Mr,792.36,electronics,Meeveo,117,7/13/2017
525,Dr,146.24,beauty,Feedbug,581,3/24/2018
526,Ms,934.35,home decor,Edgeify,204,9/18/2020
527,Mr,435.71,electronics,Oloo,732,6/16/2017
528,Mrs,561.67,clothing,Voolia,242,1/30/2017
529,Ms,917.89,toys,Kwilith,568,4/15/2016
530,Dr,807.0,clothing,Topicshots,352,6/18/2022
531,Mrs,300.88,toys,Feedfish,856,1/12/2021
532,Rev,633.82,beauty,Realpoint,606,2/23/2017
533,Dr,642.7,electronics,Jabberbean,616,4/26/2011
534,Ms,647.9,toys,Linktype,121,10/14/2021
535,Ms,987.02,electronics,Quimba,316,9/8/2013
536,Honorable,247.79,beauty,Voomm,761,1/17/2012
537,Ms,421.3,toys,Feedbug,803,11/22/2013
538,Honorable,123.29,clothing,Feedmix,901,12/3/2010
539,Mrs,668.55,home decor,Devcast,142,3/20/2015
540,Honorable,114.59,clothing,Skiptube,371,3/21/2012
541,Mr,813.4,clothing,Livetube,34,2/28/2010
542,Dr,196.62,toys,Skiba,316,7/14/2014
543,Honorable,674.73,toys,Gabcube,107,1/13/2010
544,Rev,698.3,beauty,Twitterbeat,365,5/23/2017
545,Rev,810.65,clothing,Bubbletube,226,4/8/2020
546,Mrs,25.04,clothing,Wikibox,133,7/18/2017
547,Mrs,885.65,toys,Centizu,200,9/6/2012
548,Ms,267.99,toys,Ailane,444,3/12/2021
549,Dr,610.98,electronics,Meembee,294,6/21/2020
550,Mr,923.33,toys,Twiyo,768,11/30/2022
551,Rev,517.6,toys,Aibox,702,2/19/2019
552,Rev,148.68,clothing,Riffpedia,636,3/1/2022
553,Mrs,230.93,toys,Wordtune,409,7/6/2015
554,Honorable,134.78,home decor,Photolist,39,4/16/2020
555,Ms,702.52,toys,Riffwire,571,5/27/2017
556,Rev,674.64,home decor,Skinder,260,12/10/2021
557,Rev,910.93,electronics,Twitternation,660,8/6/2012
558,Ms,296.85,beauty,Podcat,416,8/26/2017
559,Dr,622.69,toys,Brainverse,698,4/12/2014
560,Dr,745.92,home decor,Gigashots,147,4/13/2017
561,Mrs,807.39,home decor,Zoomcast,465,6/6/2021
562,Honorable,926.09,beauty,Vinder,947,8/25/2013
563,Rev,963.19,clothing,Thoughtbeat,229,10/2/2013
564,Rev,147.72,toys,Zooveo,68,8/7/2018
565,Mrs,585.32,toys,Lajo,93,3/18/2010
566,Mr,370.74,toys,Fivebridge,88,1/24/2018
567,Honorable,178.85,electronics,Skimia,213,1/10/2011
568,Dr,943.39,clothing,Avavee,614,4/13/2015
569,Ms,345.25,home decor,Chatterpoint,506,3/21/2016
570,Mr,348.61,clothing,Minyx,435,10/10/2019
571,Mrs,776.35,home decor,Jayo,393,3/26/2015
572,Rev,924.57,clothing,Oyondu,953,11/15/2018
573,Mrs,924.95,toys,DabZ,420,5/22/2022
574,Mrs,425.04,beauty,Flashdog,698,10/4/2012
575,Mr,99.44,home decor,Oyoba,524,5/11/2010
576,Mrs,724.26,toys,Miboo,519,9/30/2011
577,Honorable,993.71,electronics,Bubblebox,985,2/15/2018
578,Rev,361.29,toys,Dabtype,906,9/23/2022
579,Ms,46.19,electronics,Lajo,834,11/23/2014
580,Ms,937.0,electronics,Yodel,15,1/31/2017
581,Mrs,711.96,electronics,Digitube,245,1/11/2020
582,Ms,896.29,toys,Feedbug,205,10/26/2013
583,Rev,943.85,beauty,Reallinks,214,9/26/2019
584,Dr,738.52,clothing,Voonder,890,1/7/2013
585,Mrs,739.98,beauty,Skimia,91,9/12/2014
586,Mrs,214.24,clothing,Fiveclub,979,5/10/2016
587,Ms,698.89,electronics,Roodel,386,10/28/2014
588,Honorable,158.55,toys,Zoomzone,72,2/10/2012
589,Ms,906.02,electronics,Lazzy,420,3/3/2021
590,Honorable,591.31,beauty,Devcast,282,2/22/2010
591,Honorable,636.67,clothing,Yabox,518,10/9/2012
592,Mrs,525.84,clothing,Vinte,368,11/11/2020
593,Rev,244.64,toys,Quaxo,496,1/29/2010
594,Mrs,820.7,toys,Thoughtstorm,0,6/16/2019
595,Rev,316.47,beauty,Dablist,40,11/19/2018
596,Mr,962.69,clothing,Browsetype,807,1/24/2022
597,Dr,565.87,home decor,Bubbletube,291,10/6/2012
598,Rev,987.6,home decor,Agimba,931,1/28/2018
599,Honorable,357.18,clothing,Quire,716,5/3/2017
600,Mr,350.1,beauty,Tambee,919,4/12/2013
601,Honorable,48.21,beauty,Yakidoo,716,4/21/2012
602,Dr,671.66,beauty,Bubblemix,998,10/18/2010
603,Rev,648.9,toys,Zoonoodle,630,11/11/2010
604,Rev,724.75,home decor,Fadeo,279,10/27/2010
605,Ms,849.07,beauty,Flashset,994,6/16/2020
606,Mrs,647.65,home decor,Zoomdog,879,10/15/2019
607,Ms,154.5,home decor,Browsedrive,186,3/12/2015
608,Ms,507.93,toys,Fivebridge,785,12/15/2022
609,Honorable,50.08,home decor,Oozz,77,9/24/2016
610,Honorable,881.1,beauty,Eire,782,1/11/2022
611,Mr,148.4,toys,Ozu,958,1/23/2022
612,Honorable,452.67,home decor,Brainverse,246,9/17/2018
613,Mrs,999.76,beauty,Oyondu,43,8/18/2018
614,Rev,943.07,toys,Kazu,636,6/24/2015
615,Mr,181.0,toys,Skippad,257,1/15/2013
616,Honorable,863.44,home decor,Yakitri,274,1/9/2022
617,Dr,466.78,beauty,Skyba,648,8/16/2020
618,Dr,615.57,clothing,Oyondu,366,11/27/2018
619,Mr,980.49,electronics,Oloo,678,2/24/2019
620,Dr,64.13,beauty,Wikibox,791,1/7/2019
621,Ms,675.85,toys,Camido,824,1/8/2021
622,Dr,886.58,toys,Jabbercube,300,5/21/2022
623,Mr,240.3,toys,Abata,686,7/10/2020
624,Mrs,148.39,toys,Wordify,26,10/18/2013
625,Ms,531.79,home decor,Bubblemix,425,7/9/2011
626,Rev,924.12,home decor,Camimbo,222,6/26/2020
627,Rev,165.52,electronics,Ooba,823,8/2/2022
628,Ms,344.11,beauty,Blogtags,514,6/22/2012
629,Ms,453.33,toys,Dabjam,558,4/13/2016
630,Rev,935.49,home decor,Yodoo,365,4/14/2020
631,Mr,793.75,beauty,Wordware,813,11/5/2015
632,Mrs,16.4,clothing,Thoughtsphere,95,5/5/2022
633,Mrs,995.88,electronics,Zoovu,107,8/4/2022
634,Dr,417.31,clothing,Quatz,247,12/12/2022
635,Mr,169.53,home decor,Dynazzy,546,12/3/2022
636,Dr,801.44,clothing,Skippad,359,10/19/2015
637,Honorable,182.06,clothing,Bluezoom,459,11/12/2013
638,Dr,601.87,clothing,Quimm,424,7/28/2020
639,Dr,647.06,home decor,Skivee,241,1/8/2021
640,Rev,597.23,toys,Brightbean,117,7/8/2010
641,Rev,996.07,toys,Kazu,927,10/6/2022
642,Dr,298.77,home decor,Ailane,329,9/1/2021
643,Ms,610.12,clothing,Quimba,854,8/9/2018
644,Rev,490.6,electronics,Snaptags,253,8/26/2015
645,Rev,203.14,home decor,Gabcube,777,5/27/2012
646,Mrs,695.12,clothing,Skiba,509,9/8/2014
647,Mr,651.93,toys,Youbridge,634,11/12/2019
648,Dr,985.16,electronics,Rhycero,222,11/15/2015
649,Rev,804.38,toys,Gigaclub,422,6/8/2010
650,Rev,331.88,beauty,Tagfeed,363,1/22/2020
651,Dr,341.24,home decor,DabZ,269,3/9/2012
652,Dr,990.41,clothing,Jaxnation,735,9/3/2012
653,Dr,778.58,beauty,Meevee,397,3/19/2013
654,Ms,0.1,toys,Devbug,730,1/17/2021
655,Dr,765.51,clothing,Wikivu,474,11/7/2016
656,Honorable,708.85,toys,Quinu,41,4/6/2022
657,Honorable,208.82,clothing,Photojam,779,2/25/2015
658,Honorable,460.75,toys,Viva,600,2/17/2022
659,Mrs,807.21,clothing,Jabberstorm,587,4/12/2014
660,Ms,499.42,toys,Jaxworks,118,1/24/2017
661,Honorable,883.28,beauty,Linklinks,347,2/5/2020
662,Ms,925.36,home decor,Trudeo,262,5/19/2021
663,Mrs,214.1,clothing,Demimbu,196,9/16/2018
664,Honorable,797.75,beauty,Janyx,641,9/13/2022
665,Mrs,84.34,electronics,Kwilith,739,8/6/2016
666,Rev,883.35,home decor,Katz,303,9/17/2012
667,Honorable,811.92,home decor,JumpXS,636,6/18/2016
668,Honorable,937.83,beauty,Voomm,132,7/20/2021
669,Honorable,100.8,beauty,Ntag,856,6/3/2019
670,Honorable,762.1,clothing,Jazzy,521,3/17/2014
671,Rev,328.84,beauty,Omba,326,10/1/2012
672,Dr,372.39,electronics,Eare,15,1/13/2022
673,Honorable,81.3,electronics,Roombo,851,12/10/2016
674,Honorable,639.18,beauty,Dabtype,525,11/9/2018
675,Dr,226.11,electronics,InnoZ,528,12/2/2016
676,Dr,851.22,home decor,Nlounge,160,5/8/2010
677,Mr,195.07,home decor,Trupe,865,12/20/2016
678,Mr,494.27,clothing,Trupe,569,3/19/2017
679,Mrs,322.47,clothing,Dabvine,508,12/29/2010
680,Rev,375.76,clothing,Linktype,999,9/22/2018
681,Dr,738.65,beauty,Riffpath,642,11/24/2016
682,Honorable,443.24,clothing,Linklinks,467,9/11/2013
683,Rev,157.28,toys,Rhyloo,282,5/18/2019
684,Ms,132.13,clothing,Roombo,562,4/16/2021
685,Mr,22.84,beauty,Feedfire,330,8/9/2020
686,Honorable,425.98,home decor,Vinte,838,11/17/2022
687,Dr,79.14,beauty,Browsetype,858,12/8/2018
688,Rev,572.4,toys,Meemm,634,5/5/2010
689,Rev,235.3,clothing,Buzzbean,412,4/24/2019
690,Mr,599.27,toys,Yoveo,398,5/13/2017
691,Mr,779.49,clothing,Babbleblab,946,11/23/2010
692,Rev,326.9,toys,Mita,703,9/26/2018
693,Dr,10.76,toys,Centimia,166,7/5/2022
694,Ms,603.62,toys,Twimm,299,3/8/2015
695,Mr,5.86,electronics,Quire,984,3/17/2022
696,Dr,631.16,clothing,Skyvu,858,5/14/2010
697,Mr,458.2,home decor,Jaxbean,459,12/1/2021
698,Honorable,710.92,home decor,Agimba,5,3/8/2010
699,Dr,132.24,toys,Wordware,75,5/15/2010
700,Mrs,174.42,clothing,Skippad,679,5/13/2017
701,Honorable,379.68,beauty,Vipe,564,5/21/2021
702,Ms,630.75,clothing,Roombo,727,11/13/2020
703,Honorable,983.63,electronics,Feednation,215,9/8/2012
704,Honorable,567.97,clothing,Skalith,340,11/22/2012
705,Rev,228.02,beauty,Yodo,533,4/19/2014
706,Mrs,864.45,beauty,Skivee,216,1/2/2014
707,Rev,230.97,clothing,Jabbercube,495,3/31/2021
708,Dr,965.14,toys,Skynoodle,915,9/12/2011
709,Rev,603.73,beauty,Zoomcast,419,6/7/2018
710,Ms,937.72,electronics,Kwimbee,871,6/21/2012
711,Dr,125.0,toys,Plajo,4,8/22/2013
712,Mrs,886.83,toys,Tagtune,348,8/3/2021
713,Mrs,612.15,clothing,Linktype,86,7/21/2015
714,Mr,125.73,clothing,Mymm,396,11/1/2012
715,Dr,380.01,toys,Flashset,65,10/8/2011
716,Mr,394.66,electronics,Feedfire,489,12/21/2018
717,Mrs,748.69,electronics,Oyoba,504,2/1/2010
718,Mr,721.59,beauty,Digitube,744,9/30/2013
719,Ms,207.72,clothing,Kamba,240,10/30/2017
720,Honorable,171.15,beauty,Realcube,640,2/7/2016
721,Mr,457.29,toys,Meemm,309,6/13/2010
722,Mrs,19.26,home decor,Thoughtbridge,430,5/25/2014
723,Honorable,645.44,clothing,Browsetype,917,11/5/2021
724,Mrs,773.33,home decor,Jayo,469,12/25/2012
725,Honorable,676.83,home decor,Bubblemix,738,3/27/2015
726,Ms,329.68,beauty,Trudeo,901,1/17/2012
727,Mrs,61.81,electronics,Realpoint,213,1/20/2012
728,Dr,557.1,toys,Youtags,749,12/9/2016
729,Mrs,295.39,toys,Trupe,603,5/30/2010
730,Rev,913.26,beauty,Linkbuzz,174,2/2/2015
731,Rev,377.47,home decor,Jatri,415,12/31/2021
732,Honorable,701.56,toys,Fadeo,497,3/29/2014
733,Mr,169.12,home decor,Skipstorm,885,4/30/2015
734,Ms,376.29,toys,Meeveo,766,5/8/2022
735,Mr,271.81,home decor,Meeveo,882,1/12/2022
736,Mr,63.07,electronics,Flashdog,805,10/21/2014
737,Mr,691.45,toys,Wordtune,814,10/10/2020
738,Ms,876.18,clothing,Dynazzy,474,1/4/2013
739,Ms,515.96,home decor,Dabtype,486,3/18/2010
740,Mr,517.99,toys,Jabberstorm,564,8/17/2016
741,Ms,874.0,clothing,Riffpedia,153,2/27/2016
742,Mr,561.44,home decor,Kamba,691,2/14/2012
743,Mr,437.41,beauty,Roodel,753,11/21/2011
744,Honorable,555.6,home decor,Myworks,888,9/24/2013
745,Ms,360.84,electronics,Avamm,65,8/11/2015
746,Mrs,388.05,clothing,Skipstorm,540,4/19/2016
747,Ms,725.96,clothing,Linkbuzz,90,2/16/2020
748,Ms,559.04,electronics,Minyx,918,7/10/2013
749,Ms,608.28,beauty,Oyoloo,98,4/6/2016
750,Ms,41.82,home decor,Layo,358,9/17/2013
751,Rev,860.39,home decor,Gevee,28,10/21/2012
752,Mr,290.56,home decor,InnoZ,176,5/30/2013
753,Mr,877.11,home decor,Photojam,785,6/8/2011
754,Mr,810.41,beauty,Avamm,680,8/21/2013
755,Honorable,525.05,beauty,Dynabox,996,9/8/2021
756,Mr,140.94,electronics,Skyba,879,1/30/2012
757,Rev,243.07,electronics,Katz,224,3/13/2011
758,Ms,220.68,home decor,Photobug,530,1/19/2013
759,Mr,825.0,beauty,Brainbox,951,2/2/2015
760,Rev,312.0,beauty,Devpoint,282,4/13/2019
761,Dr,889.2,toys,Zooxo,850,12/2/2017
762,Honorable,880.43,home decor,Jazzy,525,8/7/2020
763,Rev,548.86,electronics,Mudo,571,10/9/2018
764,Rev,617.2,beauty,Plambee,480,9/18/2012
765,Rev,832.44,beauty,Quimm,725,12/10/2019
766,Mr,452.78,home decor,Dynabox,818,10/22/2010
767,Mr,105.73,clothing,Yabox,795,11/6/2019
768,Ms,605.08,home decor,Devpoint,659,10/20/2019
769,Rev,83.55,beauty,Fliptune,247,9/5/2017
770,Ms,197.91,toys,Riffwire,583,9/28/2019
771,Mr,758.06,home decor,Vimbo,224,7/19/2014
772,Rev,895.89,beauty,Skivee,937,2/1/2022
773,Ms,222.39,electronics,Thoughtmix,18,3/28/2012
774,Mrs,29.02,toys,Yoveo,770,9/16/2016
775,Ms,522.23,home decor,Dablist,557,9/18/2020
776,Mr,478.1,toys,Mybuzz,420,7/16/2022
777,Ms,936.28,beauty,Kamba,296,8/22/2022
778,Dr,20.52,home decor,Voonder,753,10/24/2015
779,Honorable,835.06,home decor,Reallinks,760,1/26/2015
780,Ms,688.31,beauty,Leenti,291,9/15/2013
781,Mrs,15.15,home decor,Abata,266,8/21/2014
782,Honorable,634.34,clothing,Jatri,794,3/16/2019
783,Rev,785.26,clothing,Skipstorm,651,9/30/2018
784,Ms,454.25,clothing,Vinte,76,5/6/2020
785,Mr,439.0,home decor,Teklist,415,8/12/2020
786,Dr,187.57,toys,Topicware,42,2/27/2021
787,Ms,780.13,clothing,Flashset,514,8/23/2017
788,Mrs,903.28,home decor,Kamba,937,6/6/2017
789,Dr,357.43,toys,Browsezoom,725,11/10/2018
790,Mrs,773.92,electronics,Gabvine,418,8/20/2017
791,Mrs,348.09,toys,Oyope,473,7/12/2021
792,Mr,492.94,toys,Avaveo,615,4/11/2020
793,Mrs,541.48,beauty,Tazz,503,4/21/2015
794,Rev,755.44,toys,Buzzdog,981,6/5/2017
795,Mr,818.54,electronics,Kwideo,689,11/2/2017
796,Ms,992.0,beauty,Aimbu,888,8/10/2010
797,Rev,344.54,clothing,Flipbug,38,3/30/2012
798,Rev,419.62,toys,Youfeed,173,9/13/2014
799,Honorable,987.88,toys,Trunyx,985,6/16/2014
800,Rev,305.63,home decor,Dynava,55,7/5/2013
801,Ms,716.67,electronics,Twinte,477,5/15/2012
802,Mrs,515.35,electronics,Browsedrive,505,7/30/2022
803,Rev,9.23,electronics,Demimbu,987,3/3/2020
804,Honorable,12.52,home decor,Talane,46,8/18/2012
805,Honorable,620.9,toys,Edgepulse,721,12/8/2022
806,Rev,782.11,clothing,Edgeblab,780,5/26/2018
807,Mrs,18.58,toys,Quimm,455,10/3/2012
808,Honorable,970.18,home decor,Talane,131,10/7/2022
809,Dr,968.3,home decor,Einti,973,6/12/2021
810,Ms,301.44,beauty,Shuffledrive,706,3/16/2014
811,Mr,787.44,beauty,Yadel,564,12/12/2020
812,Rev,322.7,beauty,Mita,235,4/24/2014
813,Dr,17.46,clothing,Yakijo,72,7/17/2020
814,Mr,135.14,toys,Pixoboo,984,2/23/2010
815,Mr,747.18,electronics,Dabjam,321,4/14/2021
816,Dr,409.47,beauty,Shufflebeat,2,11/9/2021
817,Mrs,968.88,electronics,Wordify,925,9/30/2020
818,Mrs,923.85,clothing,Devcast,569,2/28/2011
819,Honorable,101.68,electronics,Dabvine,477,4/11/2011
820,Dr,325.11,beauty,Quinu,514,7/16/2022
821,Mr,731.63,home decor,Voolia,951,10/11/2017
822,Mr,24.98,beauty,Dynabox,493,3/5/2013
823,Mr,160.58,clothing,Jaxspan,754,9/22/2014
824,Mrs,904.26,toys,Blogspan,237,11/16/2018
825,Rev,863.52,toys,Flashset,932,3/5/2016
826,Honorable,903.01,home decor,Voonix,579,5/8/2015
827,Rev,654.66,home decor,Skibox,880,6/8/2019
828,Ms,515.62,beauty,Eidel,511,1/12/2020
829,Honorable,470.1,clothing,Zoomzone,162,7/18/2011
830,Honorable,505.96,toys,Gigashots,20,1/19/2014
831,Rev,297.81,home decor,Yombu,574,8/30/2019
832,Rev,576.45,home decor,Abatz,402,9/9/2022
833,Mr,322.64,beauty,Quinu,119,6/14/2017
834,Honorable,965.06,clothing,Thoughtmix,778,6/30/2013
835,Honorable,308.89,home decor,Vidoo,134,9/13/2014
836,Rev,353.31,electronics,Eimbee,757,1/11/2010
837,Ms,584.04,home decor,Minyx,47,9/28/2013
838,Ms,662.33,clothing,Photobug,328,2/21/2019
839,Dr,51.58,toys,Trudoo,391,1/26/2016
840,Honorable,470.21,electronics,Yodel,82,12/14/2011
841,Mr,382.25,electronics,Oozz,911,9/17/2022
842,Dr,869.78,beauty,Realpoint,246,5/23/2011
843,Mr,633.39,clothing,Demivee,525,6/11/2018
844,Dr,566.43,clothing,Thoughtworks,368,1/13/2015
845,Rev,870.27,beauty,Gabcube,770,10/2/2020
846,Dr,768.43,clothing,Jaxnation,925,2/28/2018
847,Ms,583.61,home decor,Twiyo,80,5/31/2011
848,Mr,275.18,toys,Blogtags,177,6/21/2013
849,Ms,439.68,home decor,Oodoo,111,7/2/2021
850,Dr,486.63,electronics,Bluejam,883,3/8/2012
851,Mrs,797.32,electronics,Quinu,996,12/11/2010
852,Honorable,520.61,home decor,Kayveo,428,10/5/2022
853,Rev,462.87,home decor,Oyonder,89,3/11/2013
854,Rev,706.72,home decor,Rhynyx,556,11/5/2014
855,Ms,812.45,beauty,Gigabox,183,5/4/2014
856,Ms,347.68,toys,Tagcat,37,11/24/2019
857,Rev,512.09,clothing,Flipstorm,368,6/17/2011
858,Ms,886.98,beauty,Omba,29,6/24/2017
859,Mr,492.18,beauty,Cogidoo,385,1/21/2014
860,Ms,420.19,electronics,Voolia,188,12/22/2014
861,Mr,350.75,toys,Zoombox,995,10/11/2018
862,Ms,282.08,home decor,Plambee,647,9/6/2016
863,Dr,903.26,toys,Skinder,147,2/20/2016
864,Mr,761.83,clothing,Brainbox,841,11/16/2012
865,Ms,40.15,clothing,Jabbertype,380,7/20/2018
866,Rev,741.64,beauty,Skipfire,278,8/30/2016
867,Rev,920.43,home decor,Brainverse,602,2/3/2021
868,Honorable,848.05,home decor,Voolith,508,8/9/2010
869,Honorable,684.96,beauty,Eadel,133,12/20/2014
870,Mr,689.92,home decor,Katz,353,7/9/2014
871,Dr,323.48,toys,Plajo,180,3/27/2020
872,Ms,561.09,home decor,Gigaclub,246,5/12/2013
873,Honorable,605.38,toys,Yodo,447,2/6/2019
874,Rev,676.54,beauty,Buzzbean,536,4/13/2011
875,Honorable,479.15,electronics,Oyondu,143,3/12/2012
876,Mr,922.18,beauty,Skivee,431,10/2/2012
877,Ms,61.56,home decor,Photolist,378,1/11/2015
878,Mr,251.54,clothing,Talane,873,12/16/2016
879,Rev,409.38,toys,Leenti,176,9/13/2022
880,Mr,92.51,beauty,Myworks,614,8/9/2014
881,Honorable,132.36,clothing,Gigabox,461,5/24/2019
882,Ms,22.43,beauty,Livefish,949,6/13/2012
883,Ms,732.01,electronics,Zoonder,600,1/19/2010
884,Mrs,763.34,toys,Topiczoom,807,11/16/2019
885,Rev,647.02,beauty,Babbleopia,955,7/16/2020
886,Ms,475.22,toys,Devshare,674,8/27/2022
887,Ms,292.83,toys,Skaboo,6,7/16/2014
888,Rev,175.57,beauty,Kwinu,394,4/19/2012
889,Rev,888.47,toys,Pixope,29,11/4/2020
890,Rev,296.09,toys,Ooba,153,12/19/2020
891,Dr,973.96,toys,Yakidoo,952,10/10/2020
892,Ms,606.77,electronics,Gabvine,1,12/8/2012
893,Mrs,607.07,beauty,Topicware,383,1/27/2012
894,Dr,558.54,toys,Teklist,38,4/19/2015
895,Rev,51.08,beauty,Jaxworks,315,4/17/2021
896,Mr,224.67,beauty,Flashset,584,8/2/2014
897,Mr,56.11,clothing,Zoomlounge,386,6/16/2012
898,Mrs,915.64,electronics,Zoovu,546,12/1/2022
899,Rev,519.29,electronics,Browsezoom,365,8/7/2014
900,Rev,166.87,electronics,Gabspot,152,1/19/2011
901,Mrs,647.24,electronics,Myworks,293,9/29/2013
902,Dr,309.41,home decor,Feedspan,830,2/5/2021
903,Ms,355.85,electronics,Aivee,92,8/26/2022
904,Dr,977.21,electronics,Jamia,911,2/26/2013
905,Ms,794.84,home decor,Browsezoom,326,5/7/2013
906,Ms,314.24,toys,Zooveo,597,7/28/2020
907,Mr,336.68,home decor,Centidel,56,8/7/2016
908,Mrs,777.33,home decor,Linklinks,38,1/19/2016
909,Honorable,611.93,home decor,Muxo,544,3/26/2018
910,Dr,644.74,electronics,Voomm,838,4/27/2010
911,Honorable,8.23,beauty,Blogtag,924,7/6/2012
912,Ms,192.41,home decor,Skalith,234,12/2/2018
913,Rev,102.13,beauty,Zoombeat,307,11/9/2017
914,Honorable,93.66,home decor,Eayo,956,7/17/2017
915,Dr,544.43,home decor,Youfeed,115,6/28/2012
916,Rev,764.51,toys,Buzzbean,447,1/17/2011
917,Mr,92.99,toys,Ozu,853,11/17/2012
918,Mrs,380.14,electronics,Lazzy,651,4/20/2021
919,Mr,447.45,beauty,Brightbean,123,7/22/2020
920,Rev,833.82,home decor,Shufflebeat,665,2/3/2020
921,Mr,475.26,electronics,Meezzy,430,5/22/2021
922,Ms,451.85,toys,Feedspan,567,11/27/2014
923,Ms,336.15,clothing,Mybuzz,55,2/13/2020
924,Dr,296.32,toys,Voonyx,806,7/28/2019
925,Rev,296.2,home decor,Lazzy,218,7/5/2012
926,Ms,385.68,home decor,Wordware,223,2/5/2010
927,Honorable,401.93,home decor,Dynava,819,10/10/2011
928,Mrs,521.14,electronics,Twitterbeat,463,2/18/2013
929,Rev,223.46,beauty,Twitterbridge,429,4/25/2012
930,Dr,434.5,clothing,Fivebridge,633,6/16/2012
931,Honorable,426.36,clothing,Ooba,263,10/23/2018
932,Honorable,872.85,electronics,Zoonoodle,199,2/13/2020
933,Ms,168.99,electronics,Plajo,673,12/5/2017
934,Honorable,629.29,electronics,Feedbug,11,7/7/2018
935,Rev,240.29,clothing,Mycat,198,9/3/2011
936,Rev,68.25,toys,Mita,904,9/22/2013
937,Honorable,966.8,toys,Divanoodle,130,4/25/2019
938,Rev,818.38,home decor,Pixope,688,7/31/2020
939,Mr,657.87,beauty,Blogpad,931,1/25/2018
940,Dr,669.7,beauty,Babbleopia,46,2/1/2020
941,Mrs,567.65,toys,Realpoint,465,4/4/2012
942,Honorable,228.64,electronics,Nlounge,189,10/30/2011
943,Honorable,993.87,electronics,Jabbersphere,905,9/13/2016
944,Mrs,782.97,electronics,Eadel,671,8/21/2022
945,Dr,850.31,clothing,Fiveclub,811,3/11/2013
946,Mrs,592.53,electronics,Tagcat,200,3/27/2013
947,Rev,505.74,toys,Edgeblab,658,4/11/2017
948,Honorable,569.32,electronics,Yozio,212,10/9/2018
949,Honorable,456.96,beauty,Eimbee,281,1/11/2018
950,Ms,858.78,home decor,Yakidoo,227,7/26/2017
951,Rev,735.1,home decor,Eidel,785,10/8/2019
952,Rev,380.62,electronics,Avamm,260,9/20/2010
953,Ms,18.12,toys,Buzzshare,50,6/2/2011
954,Dr,140.52,beauty,Plambee,397,4/22/2012
955,Rev,731.42,electronics,Tagpad,409,11/27/2022
956,Ms,770.49,home decor,Jabbercube,3,4/17/2022
957,Rev,688.74,toys,Flipbug,174,9/30/2012
958,Honorable,700.36,electronics,Realmix,287,6/22/2021
959,Honorable,817.28,electronics,Twitterlist,813,7/17/2015
960,Mr,200.01,home decor,Riffwire,877,1/18/2014
961,Ms,967.09,clothing,Lazz,886,6/22/2017
962,Mrs,381.61,beauty,Edgeblab,332,4/18/2012
963,Mr,921.74,clothing,Gigashots,679,1/28/2021
964,Honorable,542.29,clothing,Agivu,537,6/12/2014
965,Dr,297.96,electronics,Devpulse,757,6/25/2015
966,Dr,759.39,clothing,Meezzy,350,9/4/2022
967,Honorable,601.02,beauty,Eayo,564,7/11/2019
968,Rev,37.42,clothing,Trunyx,78,5/20/2012
969,Honorable,443.89,toys,Jabberbean,655,7/24/2017
970,Ms,842.59,toys,Shufflebeat,671,9/11/2020
971,Ms,65.88,home decor,Zazio,217,4/26/2019
972,Honorable,65.57,home decor,Babbleset,708,1/2/2010
973,Mrs,539.93,toys,BlogXS,317,8/15/2010
974,Rev,388.15,beauty,Zooxo,12,11/23/2018
975,Honorable,918.45,toys,Abatz,348,8/13/2011
976,Ms,549.57,electronics,Quimba,87,2/2/2011
977,Ms,579.73,electronics,Ozu,572,3/9/2013
978,Ms,613.26,electronics,Photobug,205,1/22/2014
979,Mr,443.46,toys,Babblestorm,591,12/15/2011
980,Ms,378.16,toys,Wikizz,884,7/3/2017
981,Mrs,144.59,electronics,Jetwire,602,3/12/2016
982,Dr,559.79,toys,Blogtags,502,2/24/2022
983,Mrs,166.38,electronics,Twitterwire,586,10/28/2012
984,Dr,937.44,beauty,Edgewire,46,6/24/2020
985,Rev,788.75,electronics,Innojam,348,4/24/2013
986,Mrs,840.65,beauty,Wikizz,39,10/29/2021
987,Honorable,997.49,home decor,Ooba,79,9/20/2016
988,Rev,862.85,toys,Skyndu,434,2/23/2022
989,Dr,674.77,home decor,Demizz,674,10/23/2021
990,Mrs,75.02,toys,Fiveclub,559,12/10/2018
991,Dr,554.43,electronics,Rhybox,648,9/19/2012
992,Ms,612.0,electronics,Twinder,233,3/24/2015
993,Rev,55.43,clothing,Zoonder,572,2/10/2012
994,Mr,321.5,toys,Tazz,544,2/6/2021
995,Dr,752.79,home decor,Riffpedia,892,4/7/2015
996,Rev,104.45,beauty,Flipbug,471,10/18/2016
997,Honorable,462.03,home decor,Viva,927,1/20/2019
998,Mrs,9.89,beauty,Eayo,577,1/2/2012
999,Honorable,514.74,toys,Photobean,490,5/26/2021
1000,Mrs,727.75,toys,Kwilith,384,12/8/2020
