"","payment_id","payment_method","payment_amount","payment_status","payment_date"
"1","pm001","Bank Transfer",229.051,"Verifying",NA
"2","pm001","Bank Transfer",229.051,"Verifying",NA
"3","pm002","Visa",56.024,"Done","05-01-2006"
"4","pm002","Visa",56.024,"Done","05-01-2006"
"5","pm003","Bank Transfer",540.31,"Verifying",NA
"6","pm003","Bank Transfer",540.31,"Verifying",NA
"7","pm004","PayPal",67.59,"Done","21-07-2010"
"8","pm004","PayPal",67.59,"Done","21-07-2010"
"9","pm004","PayPal",67.59,"Done","21-07-2010"
"10","pm005","Bank Transfer",1141.12,"Verifying",NA
"11","pm005","Bank Transfer",1141.12,"Verifying",NA
"12","pm005","Bank Transfer",1141.12,"Verifying",NA
"13","pm006","Visa",265.21,"Verifying",NA
"14","pm006","Visa",265.21,"Verifying",NA
"15","pm007","Mastercard",25.428,"Done","03-07-2022"
"16","pm007","Mastercard",25.428,"Done","03-07-2022"
"17","pm008","Visa",99.934,"Verifying",NA
"18","pm008","Visa",99.934,"Verifying",NA
"19","pm008","Visa",99.934,"Verifying",NA
"20","pm009","Apple Pay",171.026,"Done","19-07-2023"
"21","pm009","Apple Pay",171.026,"Done","19-07-2023"
"22","pm009","Apple Pay",171.026,"Done","19-07-2023"
"23","pm010","Bank Transfer",356.722,"Done","19-11-2018"
"24","pm010","Bank Transfer",356.722,"Done","19-11-2018"
"25","pm010","Bank Transfer",356.722,"Done","19-11-2018"
"26","pm010","Bank Transfer",356.722,"Done","19-11-2018"
"27","pm011","Mastercard",17.764,"Verifying",NA
"28","pm011","Mastercard",17.764,"Verifying",NA
"29","pm012","Mastercard",491.291,"Done","03-02-2005"
"30","pm012","Mastercard",491.291,"Done","03-02-2005"
"31","pm012","Mastercard",491.291,"Done","03-02-2005"
"32","pm013","GPay",822.132,"Done","03-07-2022"
"33","pm013","GPay",822.132,"Done","03-07-2022"
"34","pm013","GPay",822.132,"Done","03-07-2022"
"35","pm014","PayPal",401.243,"Done","30-03-2020"
"36","pm014","PayPal",401.243,"Done","30-03-2020"
"37","pm014","PayPal",401.243,"Done","30-03-2020"
"38","pm015","PayPal",112.521,"Verifying",NA
"39","pm015","PayPal",112.521,"Verifying",NA
"40","pm016","PayPal",68.232,"Verifying",NA
"41","pm016","PayPal",68.232,"Verifying",NA
"42","pm016","PayPal",68.232,"Verifying",NA
"43","pm017","Apple Pay",127.12,"Verifying",NA
"44","pm017","Apple Pay",127.12,"Verifying",NA
"45","pm017","Apple Pay",127.12,"Verifying",NA
"46","pm018","Apple Pay",28.08,"Done","14-01-2017"
"47","pm018","Apple Pay",28.08,"Done","14-01-2017"
"48","pm019","Apple Pay",292.93,"Verifying",NA
"49","pm019","Apple Pay",292.93,"Verifying",NA
"50","pm020","GPay",253.24,"Verifying",NA
"51","pm020","GPay",253.24,"Verifying",NA
"52","pm021","GPay",107.272,"Done","30-03-2020"
"53","pm021","GPay",107.272,"Done","30-03-2020"
"54","pm021","GPay",107.272,"Done","30-03-2020"
"55","pm022","Apple Pay",719.192,"Done","21-07-2010"
"56","pm022","Apple Pay",719.192,"Done","21-07-2010"
"57","pm022","Apple Pay",719.192,"Done","21-07-2010"
"58","pm023","Bank Transfer",214.36,"Done","14-01-2017"
"59","pm023","Bank Transfer",214.36,"Done","14-01-2017"
"60","pm024","Bank Transfer",288.504,"Verifying",NA
"61","pm024","Bank Transfer",288.504,"Verifying",NA
"62","pm024","Bank Transfer",288.504,"Verifying",NA
"63","pm025","Mastercard",683.254,"Verifying",NA
"64","pm025","Mastercard",683.254,"Verifying",NA
"65","pm025","Mastercard",683.254,"Verifying",NA
"66","pm026","Bank Transfer",126.906,"Verifying",NA
"67","pm026","Bank Transfer",126.906,"Verifying",NA
"68","pm027","Apple Pay",1053.665,"Verifying",NA
"69","pm027","Apple Pay",1053.665,"Verifying",NA
"70","pm027","Apple Pay",1053.665,"Verifying",NA
"71","pm027","Apple Pay",1053.665,"Verifying",NA
"72","pm028","Visa",545.699,"Done","10-07-2019"
"73","pm028","Visa",545.699,"Done","10-07-2019"
"74","pm028","Visa",545.699,"Done","10-07-2019"
"75","pm029","Bank Transfer",58.343,"Done","05-01-2006"
"76","pm029","Bank Transfer",58.343,"Done","05-01-2006"
"77","pm030","Mastercard",1447.8,"Verifying",NA
"78","pm030","Mastercard",1447.8,"Verifying",NA
"79","pm030","Mastercard",1447.8,"Verifying",NA
"80","pm030","Mastercard",1447.8,"Verifying",NA
"81","pm031","GPay",242.608,"Done","03-07-2022"
"82","pm031","GPay",242.608,"Done","03-07-2022"
"83","pm032","PayPal",216.49,"Done","05-01-2006"
"84","pm032","PayPal",216.49,"Done","05-01-2006"
"85","pm033","PayPal",1195.31,"Verifying",NA
"86","pm033","PayPal",1195.31,"Verifying",NA
"87","pm034","Visa",149.484,"Verifying",NA
"88","pm034","Visa",149.484,"Verifying",NA
"89","pm034","Visa",149.484,"Verifying",NA
"90","pm034","Visa",149.484,"Verifying",NA
"91","pm035","Visa",595.142,"Verifying",NA
"92","pm035","Visa",595.142,"Verifying",NA
"93","pm035","Visa",595.142,"Verifying",NA
"94","pm036","Mastercard",30.796,"Verifying",NA
"95","pm036","Mastercard",30.796,"Verifying",NA
"96","pm037","GPay",55.302,"Done","19-07-2023"
"97","pm037","GPay",55.302,"Done","19-07-2023"
"98","pm037","GPay",55.302,"Done","19-07-2023"
"99","pm038","Bank Transfer",783.7,"Done","05-01-2006"
"100","pm038","Bank Transfer",783.7,"Done","05-01-2006"
"101","pm038","Bank Transfer",783.7,"Done","05-01-2006"
"102","pm039","GPay",94.81,"Done","30-03-2020"
"103","pm040","Visa",181.744,"Done","25-01-2011"
"104","pm040","Visa",181.744,"Done","25-01-2011"
"105","pm040","Visa",181.744,"Done","25-01-2011"
"106","pm040","Visa",181.744,"Done","25-01-2011"
"107","pm041","Mastercard",214.836,"Verifying",NA
"108","pm041","Mastercard",214.836,"Verifying",NA
"109","pm041","Mastercard",214.836,"Verifying",NA
"110","pm042","Bank Transfer",239.452,"Done","05-11-2020"
"111","pm042","Bank Transfer",239.452,"Done","05-11-2020"
"112","pm043","Bank Transfer",912.656,"Verifying",NA
"113","pm043","Bank Transfer",912.656,"Verifying",NA
"114","pm043","Bank Transfer",912.656,"Verifying",NA
"115","pm043","Bank Transfer",912.656,"Verifying",NA
"116","pm044","Apple Pay",370.403,"Verifying",NA
"117","pm044","Apple Pay",370.403,"Verifying",NA
"118","pm045","Bank Transfer",219.32,"Verifying",NA
"119","pm045","Bank Transfer",219.32,"Verifying",NA
"120","pm046","Apple Pay",65.82,"Verifying",NA
"121","pm047","Visa",318.776,"Done","30-03-2020"
"122","pm047","Visa",318.776,"Done","30-03-2020"
"123","pm047","Visa",318.776,"Done","30-03-2020"
"124","pm048","Visa",730.25,"Verifying",NA
"125","pm048","Visa",730.25,"Verifying",NA
"126","pm048","Visa",730.25,"Verifying",NA
"127","pm049","GPay",141.633,"Verifying",NA
"128","pm049","GPay",141.633,"Verifying",NA
"129","pm049","GPay",141.633,"Verifying",NA
"130","pm050","Visa",35.426,"Verifying",NA
"131","pm050","Visa",35.426,"Verifying",NA
"132","pm051","Visa",210.776,"Verifying",NA
"133","pm051","Visa",210.776,"Verifying",NA
"134","pm051","Visa",210.776,"Verifying",NA
"135","pm052","PayPal",741.042,"Done","05-01-2006"
"136","pm052","PayPal",741.042,"Done","05-01-2006"
"137","pm052","PayPal",741.042,"Done","05-01-2006"
"138","pm053","Bank Transfer",606.89,"Done","05-01-2006"
"139","pm053","Bank Transfer",606.89,"Done","05-01-2006"
"140","pm054","Bank Transfer",1028.218,"Verifying",NA
"141","pm054","Bank Transfer",1028.218,"Verifying",NA
"142","pm055","GPay",17.94,"Done","25-01-2011"
"143","pm056","Bank Transfer",346.55,"Done","10-07-2019"
"144","pm056","Bank Transfer",346.55,"Done","10-07-2019"
"145","pm057","PayPal",244.19,"Verifying",NA
"146","pm057","PayPal",244.19,"Verifying",NA
"147","pm058","Visa",47.764,"Done","21-07-2010"
"148","pm058","Visa",47.764,"Done","21-07-2010"
"149","pm059","PayPal",354.804,"Verifying",NA
"150","pm059","PayPal",354.804,"Verifying",NA
"151","pm059","PayPal",354.804,"Verifying",NA
"152","pm060","Bank Transfer",106.023,"Verifying",NA
"153","pm060","Bank Transfer",106.023,"Verifying",NA
"154","pm060","Bank Transfer",106.023,"Verifying",NA
"155","pm061","Visa",143.727,"Done","25-01-2011"
"156","pm061","Visa",143.727,"Done","25-01-2011"
"157","pm061","Visa",143.727,"Done","25-01-2011"
"158","pm062","Visa",50.03,"Done","05-11-2020"
"159","pm062","Visa",50.03,"Done","05-11-2020"
"160","pm063","PayPal",733.29,"Done","30-03-2020"
"161","pm063","PayPal",733.29,"Done","30-03-2020"
"162","pm064","Bank Transfer",930.21,"Done","25-01-2011"
"163","pm064","Bank Transfer",930.21,"Done","25-01-2011"
"164","pm064","Bank Transfer",930.21,"Done","25-01-2011"
"165","pm065","PayPal",1420.149,"Done","21-07-2010"
"166","pm065","PayPal",1420.149,"Done","21-07-2010"
"167","pm065","PayPal",1420.149,"Done","21-07-2010"
"168","pm065","PayPal",1420.149,"Done","21-07-2010"
"169","pm066","Apple Pay",331.874,"Verifying",NA
"170","pm066","Apple Pay",331.874,"Verifying",NA
"171","pm066","Apple Pay",331.874,"Verifying",NA
"172","pm067","Bank Transfer",203.379,"Verifying",NA
"173","pm067","Bank Transfer",203.379,"Verifying",NA
"174","pm067","Bank Transfer",203.379,"Verifying",NA
"175","pm068","Bank Transfer",965.57,"Done","25-01-2011"
"176","pm068","Bank Transfer",965.57,"Done","25-01-2011"
"177","pm068","Bank Transfer",965.57,"Done","25-01-2011"
"178","pm069","Apple Pay",1213.558,"Verifying",NA
"179","pm069","Apple Pay",1213.558,"Verifying",NA
"180","pm069","Apple Pay",1213.558,"Verifying",NA
"181","pm069","Apple Pay",1213.558,"Verifying",NA
"182","pm070","Apple Pay",622.86,"Verifying",NA
"183","pm070","Apple Pay",622.86,"Verifying",NA
"184","pm071","Bank Transfer",1563.31,"Verifying",NA
"185","pm071","Bank Transfer",1563.31,"Verifying",NA
"186","pm072","GPay",747.35,"Verifying",NA
"187","pm072","GPay",747.35,"Verifying",NA
"188","pm073","Apple Pay",283.13,"Verifying",NA
"189","pm073","Apple Pay",283.13,"Verifying",NA
"190","pm073","Apple Pay",283.13,"Verifying",NA
"191","pm074","Apple Pay",1156.52,"Done","14-01-2017"
"192","pm074","Apple Pay",1156.52,"Done","14-01-2017"
"193","pm075","GPay",8.572,"Verifying",NA
"194","pm076","Visa",451.45,"Done","05-11-2020"
"195","pm076","Visa",451.45,"Done","05-11-2020"
"196","pm077","Apple Pay",233.714,"Done","19-07-2023"
"197","pm077","Apple Pay",233.714,"Done","19-07-2023"
"198","pm077","Apple Pay",233.714,"Done","19-07-2023"
"199","pm078","Mastercard",452.38,"Done","10-07-2019"
"200","pm078","Mastercard",452.38,"Done","10-07-2019"
"201","pm078","Mastercard",452.38,"Done","10-07-2019"
"202","pm078","Mastercard",452.38,"Done","10-07-2019"
"203","pm079","Visa",324.997,"Done","25-01-2011"
"204","pm079","Visa",324.997,"Done","25-01-2011"
"205","pm079","Visa",324.997,"Done","25-01-2011"
"206","pm080","Visa",259.674,"Done","25-01-2011"
"207","pm080","Visa",259.674,"Done","25-01-2011"
"208","pm080","Visa",259.674,"Done","25-01-2011"
"209","pm080","Visa",259.674,"Done","25-01-2011"
"210","pm081","PayPal",624.24,"Done","30-03-2020"
"211","pm081","PayPal",624.24,"Done","30-03-2020"
"212","pm082","Mastercard",404.957,"Verifying",NA
"213","pm082","Mastercard",404.957,"Verifying",NA
"214","pm083","PayPal",1326.11,"Done","14-01-2017"
"215","pm083","PayPal",1326.11,"Done","14-01-2017"
"216","pm083","PayPal",1326.11,"Done","14-01-2017"
"217","pm084","Visa",1199.274,"Verifying",NA
"218","pm084","Visa",1199.274,"Verifying",NA
"219","pm084","Visa",1199.274,"Verifying",NA
"220","pm084","Visa",1199.274,"Verifying",NA
"221","pm085","Apple Pay",425.452,"Done","21-07-2010"
"222","pm085","Apple Pay",425.452,"Done","21-07-2010"
"223","pm085","Apple Pay",425.452,"Done","21-07-2010"
"224","pm086","Bank Transfer",377.276,"Verifying",NA
"225","pm086","Bank Transfer",377.276,"Verifying",NA
"226","pm086","Bank Transfer",377.276,"Verifying",NA
"227","pm087","GPay",239.822,"Verifying",NA
"228","pm087","GPay",239.822,"Verifying",NA
"229","pm087","GPay",239.822,"Verifying",NA
"230","pm087","GPay",239.822,"Verifying",NA
"231","pm088","Apple Pay",619.972,"Verifying",NA
"232","pm088","Apple Pay",619.972,"Verifying",NA
"233","pm088","Apple Pay",619.972,"Verifying",NA
"234","pm089","Mastercard",129.664,"Done","05-01-2006"
"235","pm089","Mastercard",129.664,"Done","05-01-2006"
"236","pm090","PayPal",249.746,"Done","25-01-2011"
"237","pm090","PayPal",249.746,"Done","25-01-2011"
"238","pm090","PayPal",249.746,"Done","25-01-2011"
"239","pm091","Bank Transfer",666.72,"Verifying",NA
"240","pm091","Bank Transfer",666.72,"Verifying",NA
"241","pm091","Bank Transfer",666.72,"Verifying",NA
"242","pm092","Visa",435.36,"Verifying",NA
"243","pm092","Visa",435.36,"Verifying",NA
"244","pm092","Visa",435.36,"Verifying",NA
"245","pm093","PayPal",138.114,"Done","14-01-2017"
"246","pm093","PayPal",138.114,"Done","14-01-2017"
"247","pm093","PayPal",138.114,"Done","14-01-2017"
"248","pm094","Bank Transfer",137.742,"Done","05-11-2020"
"249","pm094","Bank Transfer",137.742,"Done","05-11-2020"
"250","pm094","Bank Transfer",137.742,"Done","05-11-2020"
"251","pm095","GPay",682.22,"Verifying",NA
"252","pm095","GPay",682.22,"Verifying",NA
"253","pm096","Visa",1429.732,"Verifying",NA
"254","pm096","Visa",1429.732,"Verifying",NA
"255","pm096","Visa",1429.732,"Verifying",NA
"256","pm096","Visa",1429.732,"Verifying",NA
"257","pm097","Mastercard",730.156,"Verifying",NA
"258","pm097","Mastercard",730.156,"Verifying",NA
"259","pm097","Mastercard",730.156,"Verifying",NA
"260","pm097","Mastercard",730.156,"Verifying",NA
"261","pm098","Visa",247.632,"Done","05-01-2006"
"262","pm098","Visa",247.632,"Done","05-01-2006"
"263","pm098","Visa",247.632,"Done","05-01-2006"
"264","pm099","Visa",1073.25,"Verifying",NA
"265","pm099","Visa",1073.25,"Verifying",NA
"266","pm099","Visa",1073.25,"Verifying",NA
"267","pm099","Visa",1073.25,"Verifying",NA
"268","pm100","Bank Transfer",921.733,"Verifying",NA
"269","pm100","Bank Transfer",921.733,"Verifying",NA
"270","pm100","Bank Transfer",921.733,"Verifying",NA
